question,answer
"What's your outlook on the technology sector for Q2 2026?","Based on current market dynamics, the technology sector shows strong momentum entering Q2 2026. Key drivers include: (1) Continued AI infrastructure buildout with estimated $150B in capex from major cloud providers, (2) Margin expansion in enterprise SaaS companies, and (3) Semiconductor demand recovery. However, we're monitoring regulatory headwinds. Recommend 25% portfolio allocation to AI infrastructure plays and selective enterprise software names with strong FCF generation."
"How do I calculate the Sharpe ratio for my portfolio?","The Sharpe ratio measures risk-adjusted returns. Formula: Sharpe Ratio = (Portfolio Return - Risk-Free Rate) / Portfolio Standard Deviation. For example, if your portfolio returned 12%, risk-free rate is 4%, and your portfolio volatility is 15%, then Sharpe = (12% - 4%) / 15% = 0.53. A Sharpe ratio above 1.0 is considered good, above 2.0 is very good, and above 3.0 is excellent. Compare your Sharpe ratio to benchmarks to evaluate performance."
"Should I hedge my European equity exposure given current geopolitical tensions?","Yes, recommend implementing a dynamic hedge strategy. For European exposure representing 20-25% of AUM, consider: (1) Purchase 3-month ATM puts on EuroStoxx 50 covering 40% of exposure at ~1.2% cost, (2) Implement currency hedging via EUR/USD forwards for 30% of exposure, and (3) Establish tactical short positions in cyclical names vulnerable to economic slowdown. This provides downside protection while maintaining upside participation. Expected impact: reduce portfolio VaR by 15-18%, modest drag of 40-50bps if markets rally."
"What's a reasonable fair value for NVDA stock using DCF analysis?","DCF valuation for NVDA with 5-year horizon: Assume revenue CAGR of 22% driven by AI accelerator demand, terminal growth 4%, WACC 11.2%. Revenue projections: 2026E $125B, 2027E $152B, 2028E $186B, 2029E $227B, 2030E $277B. Operating margins expanding from 50% to 54%. FCF conversion 85%. Terminal value using Gordon Growth yields $3.2T. Fair value estimate: $1,150 per share, implying 20-22% upside from current levels. Sensitivity: WACC ±1% impacts valuation by ±$180/share. Recommend accumulating on pullbacks below $900."
"What are key metrics to monitor for a quantitative momentum strategy?","Critical metrics: (1) Information Ratio - target >1.5, measures alpha vs tracking error. (2) Win rate - maintain >55%. (3) Turnover - optimal 18-22% monthly, excessive turnover erodes returns. (4) Factor exposure - ensure momentum is primary driver at 65-70%. (5) Drawdown - monitor current vs historical max. (6) Regime detection - momentum underperforms when VIX >30. (7) Capacity - ensure daily volume is 10x+ position size. Rebalance at 2-sigma deviations from targets."
"How should I think about ESG integration in my investment process?","ESG integration framework: (1) Materiality - focus on ESG factors impacting financial performance. For energy, carbon risk is material; for tech, data privacy matters. (2) Risk mitigation - ESG screens reduce tail risk; strong governance companies have 20% lower severe drawdown probability. (3) Alpha generation - improving ESG scores correlate with positive 12-18 month returns. (4) LP requirements - 60% of institutional LPs mandate ESG reporting. Implementation: integrate ESG scores in risk models with 10-15% weight, exclude controversial weapons/thermal coal, engage on material issues."
"What's your thesis on shorting commercial real estate REITs?","CRE short thesis for 2026: Structural headwinds in office/retail. Key drivers: (1) Office vacancy 18-20%, permanent hybrid work reducing demand 25-30%. (2) Debt maturity wall: $1.5T CRE loans maturing 2024-2027, refinancing at 6-7% vs original 3-4%. (3) Regional banks reducing CRE exposure creating liquidity crunch. (4) Dividend cuts likely as FFO declines. Target: office-heavy REITs with >40% office exposure, high leverage (Debt/EBITDA >7x), near-term maturities. Recommend pairs trade: short weak office REITs vs long industrial/data center REITs."
"What's your view on AI infrastructure investment opportunities?","AI infrastructure is a compelling multi-year theme with $3-5T TAM through 2030. Investment layers: (1) Semiconductors - NVDA, AMD with 40%+ margins, capacity-constrained through 2026, recommend 15-20% weight. (2) Cloud - hyperscalers spending $150-200B annually on AI data centers, lower risk. (3) Power/cooling - data center power demand growing 20% annually. (4) Networking - high-speed interconnects for training clusters. Valuation: infrastructure names at 30-45x P/E vs 20x historical, justified by 25%+ growth. Risk: demand saturation if AI monetization disappoints. Recommended allocation: 25-30%."
"How do I calculate optimal portfolio allocation using mean-variance optimization?","Mean-variance optimization (MVO) framework: (1) Inputs - expected returns (factor models/forecasts), covariance matrix (3-5 years exponentially weighted), risk-free rate (4.35%). (2) Objective: maximize Sharpe = (E[Rp] - Rf) / σp. (3) Constraints: weights sum to 1, long-only or long-short, position limits 1-10%, sector limits, turnover constraints. (4) Practical tips: use Black-Litterman to blend equilibrium with views, apply shrinkage to covariance, impose turnover penalties, run across regimes. (5) Rebalance monthly/quarterly with 2-3% bands. Combine MVO with fundamental judgment."
"What are warning signs that my trading strategy is overfitted?","Overfitting red flags: (1) Excessive complexity - >15 parameters indicates curve-fitting. (2) Backtest perfection - Sharpe >3.0 or zero losing months unrealistic. (3) Walk-forward degradation - performance drops significantly on out-of-sample data. (4) Parameter sensitivity - small changes cause large performance swings. (5) No economic intuition - can't explain WHY strategy works. (6) Live divergence - live Sharpe <50% of backtest after 6-12 months. Prevention: reserve 30% for out-of-sample testing, use cross-validation, penalize complexity, paper trade 3-6 months before capital allocation."
"What stress tests should I run on my portfolio before month-end?","Month-end stress testing protocol: (1) Historical scenarios - replay 2008 crisis, COVID March 2020, Q4 2018, August 2015. Target: survive 20%+ decline within -12% NAV loss. (2) Factor shocks - ±2 std dev on momentum, value, quality, volatility to VIX 45+. (3) Rate scenarios - parallel shift ±100bps, flattening, steepening. (4) Liquidity stress - 50% volume reduction, calculate liquidation timeline. (5) Sector shocks - energy ±25%, tech ±20%, financials ±20%. (6) Currency stress - USD ±10%. Generate VaR (95%, 99%), CVaR, scenario P&L. Run weekly, not just month-end."
"How should I position for earnings season?","Earnings positioning strategy: (1) Pre-earnings - review consensus, beat/miss rates, option-implied moves. Identify negative sentiment with improving fundamentals. (2) Sector focus - Tech: AI revenue monetization; Financials: NIM trends; Healthcare: biotech catalysts. (3) Approaches: run high-conviction positions through earnings (8-10% weight), trim binary outcomes 30-50%, use call spreads for defined risk. (4) Historical - first 2 days show 65% continuation, fade >10% moves day 3-5. (5) Guidance > results. (6) Pairs trades on sector peers. Avoid >20% portfolio through earnings simultaneously."
"Analyze performance attribution for our fund last quarter.","Q4 2025 attribution: Total return +8.2% vs S&P 500 +6.1%, outperformance +210bps. Breakdown: (1) Sector allocation +85bps - overweight tech +1.8%, underweight financials -0.4%, underweight energy +0.3%. (2) Stock selection +145bps - primary driver. Top: NVDA +180bps, MSFT +95bps, biotech +75bps. Detractors: small-cap value -40bps, China ADRs -25bps. (3) Market timing -20bps. (4) Fixed income +10bps. Factor: Momentum +130bps, Quality +45bps, Size -15bps, Value -25bps. Realized vol 12.1%, IR 1.75, beta 0.92. Key: stock selection in tech drove outperformance."
"What's the best approach for managing margin and leverage currently?","Leverage management for current environment (rates 4.25-4.50%, VIX ~16): (1) Target gross leverage 2.5-3.0x for long/short (vs 4-5x in low-rate era), 1.5-2.0x net. (2) Reduce when: VIX >25, credit spreads widen >75bps rapidly, break 200-day MA. (3) Optimization: use portfolio margin for 30-40% efficiency, maintain 25-30% buffer above requirements, diversify across prime brokers. (4) Cost - stock loan 5-6%, cost $5M annually per $100M borrowed at 5%. (5) Stress test: ensure portfolio survives 20% equity decline without forced deleveraging. Current environment favors lower leverage, higher quality."
"Should I implement a systematic volatility selling strategy?","Volatility selling evaluation: Systematic vol selling can generate alpha but needs careful risk management. (1) Edge - VRP averages 3-5% annually as realized < implied vol. (2) Current - VIX ~16 vs median ~18, moderate premium. (3) Strategies: cash-secured puts on quality names 5-10% OTM for 1-2% monthly, covered calls on 30-40% of longs at 10-15 delta for 2-3% annual yield, short VIX spreads (avoid naked), selling index put spreads. (4) Risk - limit to 10-15% of risk budget. (5) Dynamic - reduce when VIX <12, increase at 18-25. (6) Tail hedge - reinvest 10-20% premium into OTM puts. Target 150-250bps annual alpha."
"What due diligence for startup investments in our venture allocation?","Venture DD framework: (1) Team - most critical. Evaluate founder backgrounds, prior exits, team completeness, recruiting ability, board composition. Red flags: frequent departures, unclear vision. (2) Market - TAM >$10B, growth >20% CAGR, competitive dynamics, regulatory. (3) Product - defensibility (network effects, proprietary data, patents), technical risk, customer validation (speak to 5-10 users). (4) Business model - LTV/CAC >3x, payback <12 months, gross margins 70%+ for SaaS. (5) Traction - revenue growth >3x YoY, retention >90%. (6) Financials - 18+ months runway, clean cap table. Typical: 5-10% allocation, $5-25M checks at Series B/C."
"Is the China reopening trade still attractive or too late?","China reopening analysis: Initial surge late 2022 captured obvious opportunities, but secondary themes remain. (1) Consumer recovery - consumption below pre-COVID, pent-up demand in luxury/travel. BABA, JD at 10-12x P/E vs 18-20x historical, regulatory overhang. (2) Property - avoid, distress persists. (3) Best now: select internet platforms resolved regulatory, domestic consumer brands with pricing power, healthcare/biotech on aging demographics. (4) Alternative: SE Asia (Vietnam, Thailand) as China alternative. Risk: geopolitical tensions, Taiwan, demographics, property contagion. Recommend selective 5-8% allocation vs 15%+ early movers deployed. Better in specific post-reopening plays."
"What's the key takeaway from the latest FOMC meeting for portfolio positioning?","FOMC January implications: (1) Held rates 4.25-4.50% but removed language on further cuts - higher-for-longer. (2) Dot plot: 1 cut in 2026 vs previous 3 cuts. (3) Projections revised higher - GDP 2.1% vs 1.8%, core PCE 2.5% vs 2.2%. Portfolio actions: favor quality over cyclicals, reduce fixed income duration, increase inflation hedges (commodities, TIPS). Specific: trim regional banks (curve risk), add large-cap tech with pricing power, consider gold as macro hedge. Rate-sensitive sectors (REITs, utilities) unattractive. Maintain flexible positioning for volatility."
"How do I evaluate risk-adjusted returns for different portfolio strategies?","Risk-adjusted return metrics: (1) Sharpe Ratio = (Return - Risk-Free) / Std Dev. Most common, but treats upside/downside volatility equally. Target >1.0 for hedge funds. (2) Sortino Ratio = (Return - Risk-Free) / Downside Deviation. Only penalizes downside volatility. Better for strategies with positive skew. Target >1.5. (3) Calmar Ratio = Annual Return / Max Drawdown. Evaluates return vs worst loss. (4) Information Ratio = Alpha / Tracking Error. Measures skill vs benchmark. Target >0.5. (5) Omega Ratio = Probability-weighted gains / losses above threshold. Use multiple metrics together with drawdown analysis, volatility clustering, tail risk measures."
"What portfolio rebalancing frequency is optimal for my strategy?","Rebalancing frequency depends on strategy type: (1) Long-term equity - quarterly or threshold-based (±5% from target) minimizes costs while maintaining discipline. (2) Factor strategies - monthly rebalancing optimal for momentum/value to capture signals without excessive turnover. (3) Volatility targeting - daily or weekly to maintain risk levels. (4) Tax considerations - annual for taxable accounts to harvest losses. (5) Transaction costs - estimate 10-30bps per full portfolio turnover; balance signal decay vs costs. Research shows monthly provides good tradeoff for most strategies. Use 2-3% threshold bands around targets. Monitor: turnover should be 50-200% annually for factor strategies, <25% for strategic allocation."
